<mesh>
	<submeshes>
		<submesh material="Material.001" usesharedvertices="false">
			<faces count="2">
				<face v1="3" v2="0" v3="1"/>
				<face v1="3" v2="1" v3="2"/>
			</faces>
			<geometry vertexcount="4">
				<vertexbuffer normals="true" positions="true" texture_coords="1">
					<vertex>
						<position x="9.793789" y="0.000000" z="21.496382"/>
						<normal x="-0.000000" y="1.000000" z="0.000000"/>
						<texcoord u="1.000000" v="0.996942"/>
					</vertex>
					<vertex>
						<position x="9.793798" y="0.000000" z="-9.129816"/>
						<normal x="-0.000000" y="1.000000" z="0.000000"/>
						<texcoord u="0.996942" v="-0.000000"/>
					</vertex>
					<vertex>
						<position x="-20.832401" y="0.000000" z="-9.129820"/>
						<normal x="-0.000000" y="1.000000" z="0.000000"/>
						<texcoord u="0.000000" v="0.003058"/>
					</vertex>
					<vertex>
						<position x="-20.832401" y="0.000000" z="21.496376"/>
						<normal x="-0.000000" y="1.000000" z="0.000000"/>
						<texcoord u="0.003059" v="1.000000"/>
					</vertex>
				</vertexbuffer>
			</geometry>
		</submesh>
	</submeshes>
</mesh>
