<mesh>
	<submeshes>
		<submesh material="asphalt" usesharedvertices="false">
			<faces count="26">
				<face v1="0" v2="1" v3="3"/>
				<face v1="0" v2="3" v3="2"/>
				<face v1="4" v2="5" v3="28"/>
				<face v1="4" v2="28" v3="29"/>
				<face v1="6" v2="7" v3="31"/>
				<face v1="6" v2="31" v3="30"/>
				<face v1="8" v2="9" v3="33"/>
				<face v1="8" v2="33" v3="32"/>
				<face v1="17" v2="16" v3="12"/>
				<face v1="17" v2="12" v3="13"/>
				<face v1="21" v2="20" v3="14"/>
				<face v1="21" v2="14" v3="15"/>
				<face v1="25" v2="24" v3="18"/>
				<face v1="25" v2="18" v3="19"/>
				<face v1="10" v2="11" v3="35"/>
				<face v1="10" v2="35" v3="34"/>
				<face v1="38" v2="37" v3="36"/>
				<face v1="38" v2="36" v3="39"/>
				<face v1="40" v2="42" v3="43"/>
				<face v1="40" v2="43" v3="41"/>
				<face v1="44" v2="46" v3="47"/>
				<face v1="44" v2="47" v3="45"/>
				<face v1="23" v2="50" v3="51"/>
				<face v1="23" v2="51" v3="22"/>
				<face v1="26" v2="27" v3="49"/>
				<face v1="26" v2="49" v3="48"/>
			</faces>
				<geometry vertexcount="52">
		<vertexbuffer normals="true" positions="true" texture_coords="1">
			<vertex>
				<position x="-16.666668" y="6.000000" z="11.000000"/>
				<normal x="-0.000000" y="1.000000" z="0.000000"/>
				<texcoord u="0.000000" v="0.998540"/>
			</vertex>
			<vertex>
				<position x="-16.666668" y="6.000000" z="17.000000"/>
				<normal x="-0.000000" y="1.000000" z="0.000000"/>
				<texcoord u="0.475622" v="1.000000"/>
			</vertex>
			<vertex>
				<position x="-10.666667" y="6.000000" z="11.000000"/>
				<normal x="-0.000000" y="1.000000" z="0.000000"/>
				<texcoord u="0.001459" v="0.522918"/>
			</vertex>
			<vertex>
				<position x="-10.666667" y="6.000000" z="17.000000"/>
				<normal x="-0.000000" y="1.000000" z="0.000000"/>
				<texcoord u="0.477081" v="0.524377"/>
			</vertex>
			<vertex>
				<position x="-9.166667" y="6.000000" z="17.000000"/>
				<normal x="-0.000000" y="1.000000" z="0.000000"/>
				<texcoord u="0.477446" v="0.405471"/>
			</vertex>
			<vertex>
				<position x="-9.166667" y="6.000000" z="11.000000"/>
				<normal x="-0.000000" y="1.000000" z="0.000000"/>
				<texcoord u="0.001824" v="0.404012"/>
			</vertex>
			<vertex>
				<position x="-9.166667" y="5.000000" z="17.000000"/>
				<normal x="1.000000" y="0.000000" z="0.000000"/>
				<texcoord u="0.475987" v="-0.071854"/>
			</vertex>
			<vertex>
				<position x="-9.166667" y="5.000000" z="11.000000"/>
				<normal x="1.000000" y="0.000000" z="0.000000"/>
				<texcoord u="0.477446" v="0.403769"/>
			</vertex>
			<vertex>
				<position x="-7.666667" y="5.000000" z="17.000000"/>
				<normal x="-0.000000" y="1.000000" z="0.000000"/>
				<texcoord u="0.599270" v="0.524013"/>
			</vertex>
			<vertex>
				<position x="-7.666667" y="5.000000" z="11.000000"/>
				<normal x="-0.000000" y="1.000000" z="0.000000"/>
				<texcoord u="0.597811" v="0.999635"/>
			</vertex>
			<vertex>
				<position x="-7.666667" y="4.000000" z="17.000000"/>
				<normal x="1.000000" y="0.000000" z="0.000000"/>
				<texcoord u="0.919270" v="0.999757"/>
			</vertex>
			<vertex>
				<position x="-7.666667" y="4.000000" z="11.000000"/>
				<normal x="1.000000" y="0.000000" z="0.000000"/>
				<texcoord u="0.920730" v="0.524134"/>
			</vertex>
			<vertex>
				<position x="-6.166667" y="4.000000" z="11.000000"/>
				<normal x="1.000000" y="0.000000" z="0.000000"/>
				<texcoord u="0.920729" v="0.524134"/>
			</vertex>
			<vertex>
				<position x="-6.166667" y="4.000000" z="17.000000"/>
				<normal x="1.000000" y="0.000000" z="0.000000"/>
				<texcoord u="0.919270" v="0.048512"/>
			</vertex>
			<vertex>
				<position x="-4.666667" y="3.000000" z="11.000000"/>
				<normal x="1.000000" y="0.000000" z="0.000000"/>
				<texcoord u="0.919270" v="0.524377"/>
			</vertex>
			<vertex>
				<position x="-4.666667" y="3.000000" z="17.000000"/>
				<normal x="1.000000" y="0.000000" z="0.000000"/>
				<texcoord u="0.917811" v="1.000000"/>
			</vertex>
			<vertex>
				<position x="-6.166667" y="3.000000" z="11.000000"/>
				<normal x="1.000000" y="0.000000" z="0.000000"/>
				<texcoord u="1.000000" v="0.523891"/>
			</vertex>
			<vertex>
				<position x="-6.166667" y="3.000000" z="17.000000"/>
				<normal x="1.000000" y="0.000000" z="0.000000"/>
				<texcoord u="0.998541" v="0.048269"/>
			</vertex>
			<vertex>
				<position x="-3.166667" y="2.000000" z="11.000000"/>
				<normal x="1.000000" y="0.000000" z="0.000000"/>
				<texcoord u="0.558176" v="0.048390"/>
			</vertex>
			<vertex>
				<position x="-3.166667" y="2.000000" z="17.000000"/>
				<normal x="1.000000" y="0.000000" z="0.000000"/>
				<texcoord u="0.556717" v="0.524012"/>
			</vertex>
			<vertex>
				<position x="-4.666667" y="2.000000" z="11.000000"/>
				<normal x="1.000000" y="0.000000" z="0.000000"/>
				<texcoord u="0.840000" v="0.524134"/>
			</vertex>
			<vertex>
				<position x="-4.666667" y="2.000000" z="17.000000"/>
				<normal x="1.000000" y="0.000000" z="0.000000"/>
				<texcoord u="0.838541" v="0.999757"/>
			</vertex>
			<vertex>
				<position x="-1.666667" y="1.000000" z="17.000000"/>
				<normal x="-0.000000" y="1.000000" z="0.000000"/>
				<texcoord u="0.599270" v="0.048025"/>
			</vertex>
			<vertex>
				<position x="-1.666667" y="1.000000" z="11.000000"/>
				<normal x="-0.000000" y="1.000000" z="0.000000"/>
				<texcoord u="0.597811" v="0.523648"/>
			</vertex>
			<vertex>
				<position x="-3.166667" y="1.000000" z="11.000000"/>
				<normal x="1.000000" y="0.000000" z="0.000000"/>
				<texcoord u="0.478905" v="0.048147"/>
			</vertex>
			<vertex>
				<position x="-3.166667" y="1.000000" z="17.000000"/>
				<normal x="1.000000" y="0.000000" z="0.000000"/>
				<texcoord u="0.477446" v="0.523769"/>
			</vertex>
			<vertex>
				<position x="-1.666667" y="0.000000" z="17.000000"/>
				<normal x="1.000000" y="0.000000" z="0.000000"/>
				<texcoord u="0.838541" v="0.523891"/>
			</vertex>
			<vertex>
				<position x="-1.666667" y="0.000000" z="11.000000"/>
				<normal x="1.000000" y="0.000000" z="0.000000"/>
				<texcoord u="0.840000" v="0.048268"/>
			</vertex>
			<vertex>
				<position x="-10.666667" y="6.000000" z="11.000000"/>
				<normal x="-0.000000" y="1.000000" z="0.000000"/>
				<texcoord u="0.001459" v="0.522918"/>
			</vertex>
			<vertex>
				<position x="-10.666667" y="6.000000" z="17.000000"/>
				<normal x="-0.000000" y="1.000000" z="0.000000"/>
				<texcoord u="0.477081" v="0.524377"/>
			</vertex>
			<vertex>
				<position x="-9.166667" y="6.000000" z="17.000000"/>
				<normal x="1.000000" y="0.000000" z="0.000000"/>
				<texcoord u="0.396717" v="-0.071610"/>
			</vertex>
			<vertex>
				<position x="-9.166667" y="6.000000" z="11.000000"/>
				<normal x="1.000000" y="0.000000" z="0.000000"/>
				<texcoord u="0.398176" v="0.404012"/>
			</vertex>
			<vertex>
				<position x="-9.166667" y="5.000000" z="17.000000"/>
				<normal x="-0.000000" y="1.000000" z="0.000000"/>
				<texcoord u="0.718176" v="0.524377"/>
			</vertex>
			<vertex>
				<position x="-9.166667" y="5.000000" z="11.000000"/>
				<normal x="-0.000000" y="1.000000" z="0.000000"/>
				<texcoord u="0.716717" v="1.000000"/>
			</vertex>
			<vertex>
				<position x="-7.666667" y="5.000000" z="17.000000"/>
				<normal x="1.000000" y="0.000000" z="0.000000"/>
				<texcoord u="0.998541" v="1.000000"/>
			</vertex>
			<vertex>
				<position x="-7.666667" y="5.000000" z="11.000000"/>
				<normal x="1.000000" y="0.000000" z="0.000000"/>
				<texcoord u="1.000000" v="0.524377"/>
			</vertex>
			<vertex>
				<position x="-7.666667" y="4.000000" z="17.000000"/>
				<normal x="-0.000000" y="1.000000" z="0.000000"/>
				<texcoord u="0.597811" v="0.524378"/>
			</vertex>
			<vertex>
				<position x="-7.666667" y="4.000000" z="11.000000"/>
				<normal x="-0.000000" y="1.000000" z="0.000000"/>
				<texcoord u="0.596352" v="1.000000"/>
			</vertex>
			<vertex>
				<position x="-6.166667" y="4.000000" z="11.000000"/>
				<normal x="-0.000000" y="1.000000" z="0.000000"/>
				<texcoord u="0.477446" v="0.999635"/>
			</vertex>
			<vertex>
				<position x="-6.166667" y="4.000000" z="17.000000"/>
				<normal x="-0.000000" y="1.000000" z="0.000000"/>
				<texcoord u="0.478905" v="0.524012"/>
			</vertex>
			<vertex>
				<position x="-4.666667" y="3.000000" z="11.000000"/>
				<normal x="-0.000000" y="1.000000" z="0.000000"/>
				<texcoord u="0.718176" v="0.523648"/>
			</vertex>
			<vertex>
				<position x="-4.666667" y="3.000000" z="17.000000"/>
				<normal x="-0.000000" y="1.000000" z="0.000000"/>
				<texcoord u="0.719635" v="0.048025"/>
			</vertex>
			<vertex>
				<position x="-6.166667" y="3.000000" z="11.000000"/>
				<normal x="-0.000000" y="1.000000" z="0.000000"/>
				<texcoord u="0.837082" v="0.524013"/>
			</vertex>
			<vertex>
				<position x="-6.166667" y="3.000000" z="17.000000"/>
				<normal x="-0.000000" y="1.000000" z="0.000000"/>
				<texcoord u="0.838541" v="0.048390"/>
			</vertex>
			<vertex>
				<position x="-3.166667" y="2.000000" z="11.000000"/>
				<normal x="-0.000000" y="1.000000" z="0.000000"/>
				<texcoord u="0.718176" v="0.999635"/>
			</vertex>
			<vertex>
				<position x="-3.166667" y="2.000000" z="17.000000"/>
				<normal x="-0.000000" y="1.000000" z="0.000000"/>
				<texcoord u="0.719635" v="0.524013"/>
			</vertex>
			<vertex>
				<position x="-4.666667" y="2.000000" z="11.000000"/>
				<normal x="-0.000000" y="1.000000" z="0.000000"/>
				<texcoord u="0.837082" v="1.000000"/>
			</vertex>
			<vertex>
				<position x="-4.666667" y="2.000000" z="17.000000"/>
				<normal x="-0.000000" y="1.000000" z="0.000000"/>
				<texcoord u="0.838541" v="0.524377"/>
			</vertex>
			<vertex>
				<position x="-1.666667" y="1.000000" z="17.000000"/>
				<normal x="1.000000" y="0.000000" z="0.000000"/>
				<texcoord u="0.917811" v="0.524134"/>
			</vertex>
			<vertex>
				<position x="-1.666667" y="1.000000" z="11.000000"/>
				<normal x="1.000000" y="0.000000" z="0.000000"/>
				<texcoord u="0.919270" v="0.048512"/>
			</vertex>
			<vertex>
				<position x="-3.166667" y="1.000000" z="11.000000"/>
				<normal x="-0.000000" y="1.000000" z="0.000000"/>
				<texcoord u="0.716717" v="0.524013"/>
			</vertex>
			<vertex>
				<position x="-3.166667" y="1.000000" z="17.000000"/>
				<normal x="-0.000000" y="1.000000" z="0.000000"/>
				<texcoord u="0.718176" v="0.048390"/>
			</vertex>
		</vertexbuffer>
	</geometry>
		</submesh>
	</submeshes>


</mesh>
